date,value1
40330,973.23
40331,997.12
40332,998.39
40333,1027.68
40336,1069.47
40337,1067.15
40338,1077.82
40339,1117.48
40340,1122.2
40346,1064.84
40347,1000.28
40350,1040.8
40351,1034.99
40352,1047.34
40353,1050.6
40354,1016.28
40357,987.83
40358,913.31
40359,919.31
40360,882.19
40361,873.12
40364,862.27
40365,893.72
40366,908.55
40367,905.51
40368,932.15
40371,930.17
40372,931.08
40373,922.36
40374,892.56
40375,892.3
40378,908.05
40379,937.02
40380,941.25
40381,950.21
40382,960.59
40385,966.15
40386,957.97
40387,972.53
40388,975.36
40389,968.43
40392,994.23
40393,975.65
40394,978.01
40395,987.35
40396,1011.39
40399,1032.34
40400,993.99
40401,1004.64
40402,991.78
40403,1007.21
40406,1030.22
40407,1033.58
40408,1026.72
40409,1025.53
40410,995.94
40413,995.61
40414,1004.98
40415,976.88
40416,980.63
40417,999.46
40420,1024.93
40421,1025.57
40422,995.59
40423,1014.92
40424,1036.7
40427,1010.76
40428,1022.62
40429,1026.33
40430,1021.83
40431,1034.94
40434,1042.48
40435,1031.22
40436,990.1
40437,972.6
40438,972.23
40441,949.2
40442,934.46
40448,950.67
40449,942.05
40450,926.76
40451,942.54
40459,959.86
40462,947.11
40463,951.79
40464,962.74
40465,958.49
40466,944.25
40469,932.36
40470,995.92
40471,1004.54
40472,991.84
40473,1013.45
40476,1039.05
40477,1036.01
40478,1030.59
40479,1038.62
40480,1064.52
40483,1107.52
40484,1075.15
40485,1040.62
40486,1057.71
40487,1072.22
40490,1107.06
40491,1115.65
40492,1141.58
40493,1132.72
40494,1082.24
40497,1148.54
40498,1126.18
40499,1085.35
40500,1102.84
40501,1153.17
40504,1174.94
40505,1183.5
40506,1208.45
40507,1186.36
40508,1196.02
40511,1220.11
40512,1181.5
40513,1177.18
40514,1177.84
40515,1157.94
40518,1134.38
40519,1161.69
40520,1160.24
40521,1144.53
40522,1166.8
40525,1209.27
40526,1218.52
40527,1211.8
40528,1225.03
40529,1232.98
40532,1212.34
40533,1215.02
40534,1201.65
40535,1176.36
40536,1144.5
40539,1105.3
40540,1091.48
40541,1113.31
40542,1117.21
40543,1137.66
40547,1155.11
40548,1155.35
40549,1134.79
40550,1126.52
40553,1093.77
40554,1078.36
40555,1089.67
40556,1093.86
40557,1067.42
40560,1028.16
40561,1025.72
40562,1048.54
40563,1020.39
40564,1024.51
40567,994.97
40568,979
40569,995.74
40570,1013.02
40571,1020.94
40574,1029.12
40575,1032.6
40583,1025.15
40584,1063.95
40585,1071.58
40588,1086.56
40589,1087.72
40590,1107.24
40591,1115.33
40592,1100.46
40595,1117.67
40596,1088.27
40597,1114.05
40598,1101.95
40599,1095.1
40602,1099.78
40603,1098
40604,1088.9
40605,1064.31
40606,1071.86
40609,1078.11
40610,1084.82
40611,1087.3
40612,1093.9
40613,1101.76
40616,1107.54
40617,1094.95
40618,1102.21
40619,1078.37
40620,1083.6
40623,1070.6
40624,1067.29
40625,1076.56
40626,1077.99
40627,1072.34
40630,1052.11
40631,1019.04
40632,1006.37
40633,1008.3
40634,1015.08
40639,994.26
40640,1004.41
40641,1019.14
40644,1002.8
40645,1000.16
40646,1020.75
40647,1016.62
40648,1010.06
40651,1003.26
40652,994.3
40653,1008.18
40654,1010.56
40655,1004.65
40658,975.17
40659,958.29
40660,942.54
40661,904.15
40662,912.72
40666,922.07
40667,903.98
40668,914.59
40669,918.28
40672,931.77
40673,931.21
40674,929.95
40675,909.26
40676,909.77
40679,906.34
40680,895.15
40681,890.79
40682,884.89
40683,875.43
40686,840.9
40687,870.94
40688,842.35
40689,830.92
40690,822.94
40693,834.32
40694,846.32
40695,851.17
40696,833.74
40697,847.54
40701,847.71
40702,844.98
40703,828.02
40704,824.03
40707,829.36
40708,838.47
40709,827.53
40710,810.71
40711,802.64
40714,791.76
40715,795.61
40716,791.51
40717,814.44
40718,832.32
40721,843.86
40722,844.18
40723,836.38
40724,845.92
40725,855.27
40728,876.17
40729,883.42
40730,894.28
40731,899.8
40732,894.91
40735,903.31
40736,891.52
40737,913.09
40738,932.78
40739,951.14
40742,946.12
40743,927.3
40744,930.83
40745,915.37
40746,923.99
40749,887.06
40750,892.54
40751,915.55
40752,919.4
40753,913.28
40756,927.38
40757,932.12
40758,945.51
40759,937.47
40760,919.18
40763,877.44
40764,878.76
40765,891.75
40766,915.49
40767,926.3
40770,942.48
40771,933.14
40772,936.16
40773,915.68
40774,912.42
40777,910.61
40778,936.42
40779,940.2
40780,942.94
40781,952.81
40784,954.03
40785,934.18
40786,921.49
40787,917.75
40788,909.85
40791,883.873
40792,874.738
40793,899.614
40794,891.932
40795,881.577
40799,861.916
40800,876.949
40801,875.861
40802,874.883
40805,854.712
40806,856.812
40807,881.031
40808,852.92
40809,843.479
40812,829.347
40813,830.884
40814,817.515
40815,791.894
40816,791.134
40826,790.042
40827,786.151
40828,816.138
40829,833.021
40830,830.197
40833,832.289
40834,806.6
40835,804.436
40836,778.954
40837,763.295
40840,772.41
40841,797.858
40842,811.134
40843,810.922
40844,833.423
40847,852.798
40848,853.359
40849,881.047
40850,877.658
40851,882.253
40854,878.758
40855,862.36
40856,891.123
40857,895.272
40858,891.193
40861,915.977
40862,920.974
40863,893.508
40864,898.339
40865,869.19
40868,863.134
40869,868.432
40870,864.811
40871,868.142
40872,863.495
40875,866.837
40876,880.313
40877,838.108
40878,852.872
40879,829.176
40882,792.495
40883,798.096
40884,802.625
40885,809.431
40886,798.837
40889,790.792
40890,768.924
40891,755.762
40892,746.555
40893,778.775
40896,793.44
40897,781.418
40898,761.337
40899,757.896
40900,761.442
40903,753.049
40904,727.173
40905,717.554
40906,716.549
40907,729.504
40912,707.107
40913,666.905
40914,669.017
40917,692.418
40918,716.453
40919,717.936
40920,709.89
40921,666.078
40924,633.908
40925,662.69
40926,624.911
40927,632.799
40928,646.383
40938,651.246
40939,648.681
40940,650.776
40941,665.402
40942,680.045
40945,686.508
40946,673.679
40947,692.303
40948,697.79
40949,698.854
40952,714.956
40953,712.296
40954,724.751
40955,721.832
40956,717.797
40959,721.099
40960,736.882
40961,759.562
40962,756.897
40963,762.29
40966,760.373
40967,747.768
40968,735.336
40969,743.148
40970,757.669
40973,759.369
40974,750.837
40975,749.266
40976,761.703
40977,777.694
40980,786.049
40981,792.378
40982,756.459
40983,746.441
40984,765.562
40987,779.557
40988,755.583
40989,751.791
40990,750.851
40991,737.892
40994,737.213
40995,735.734
40996,698.486
40997,683.959
40998,678.519
41004,697.751
41005,701.901
41008,689.715
41009,697.165
41010,698.487
41011,713.124
41012,718.959
41015,716.229
41016,709.139
41017,723.462
41018,725.12
41019,728.718
41022,690.432
41023,681.534
41024,682.524
41025,678.444
41026,685.131
41031,693.609
41032,699.306
41033,713.186
41036,733.045
41037,731.723
41038,719.35
41039,727.285
41040,721.078
41043,719.872
41044,720.115
41045,709.956
41046,716.17
41047,706.216
41050,704.803
41051,714.662
41052,713.017
41053,712.577
41054,702.724
41057,706.47
41058,720.454
41059,727.188
41060,734.454
41061,734.257
41064,717.101
41065,715.93
41066,715.24
41067,711.428
41068,713.921
41071,734.504
41072,735.294
41073,746.505
41074,740.966
41075,742.268
41078,752.978
41079,747.492
41080,748.388
41081,739.047
41085,720.6
41086,715.924
41087,718.928
41088,711.144
41089,726.684
41092,741.186
41093,743.902
41094,739.624
41095,724.313
41096,737.289
41099,722.281
41100,713.526
41101,719.299
41102,734.323
41103,725.788
41106,691.385
41107,697.003
41108,702.138
41109,709.166
41110,706.25
41113,704.573
41114,706.396
41115,708.301
41116,706.725
41117,703.581
41120,688.474
41121,676.96
41122,689.489
41123,690.982
41124,711.925
41127,730.419
41128,736.012
41129,730.065
41130,743.199
41131,743.073
41134,727.637
41135,736.347
41136,729.73
41137,723.53
41138,721.049
41141,730.866
41142,748.935
41143,746.853
41144,750.561
41145,733.309
41148,722.574
41149,727.616
41150,726.941
41151,704.035
41152,706.625
41155,723.871
41156,722.721
41157,730.616
41158,739.741
41159,759.46
41162,762.313
41163,761.731
41164,762.511
41165,749.892
41166,744.464
41169,724.145
41170,723.61
41171,728.251
41172,706.693
41173,691.138
41176,690.338
41177,682.335
41178,661.49
41179,676.957
41180,689.64
41190,690.767
41191,712.702
41192,721.848
41193,711.797
41194,708.868
41197,701.964
41198,705.388
41199,709.094
41200,720.524
41201,719.448
41204,724.278
41205,711.262
41206,707.753
41207,697.436
41208,685.333
41211,688.12
41212,689.61
41213,691.653
41214,701.778
41215,701.38
41218,692.868
41219,690.497
41220,689.746
41221,675.849
41222,672.67
41225,676.597
41226,667.327
41227,665.185
41228,659.211
41229,656.196
41232,656.936
41233,656.606
41234,660.032
41235,651.826
41236,651.43
41239,638.878
41240,616.284
41241,607.67
41242,603.17
41243,606.766
41246,593.66
41247,600.801
41248,624.824
41249,624.318
41250,637.487
41253,646.319
41254,641.167
41255,639.509
41256,632.181
41257,656.217
41260,649.612
41261,646.046
41262,652.101
41263,658.311
41264,668.089
41267,679.759
41268,694.116
41269,709.075
41270,699.569
41271,707.668
41274,713.863
41278,705.342
41281,718.114
41282,733.138
41283,734.506
41284,741.18
41285,731.587
41288,760.55
41289,778.603
41290,774.485
41291,768.308
41292,787.386
41295,792.6
41296,775.135
41297,778.478
41298,757.869
41299,762.848
41302,784.76
41303,791.671
41304,783.682
41305,776.005
41306,782.363
41309,771.902
41310,780.981
41311,791.263
41312,805.586
41313,823.028
41323,835.277
41324,819.709
41325,850.863
41326,839.298
41327,838.763
41330,855.694
41331,851.217
41332,846.09
41333,861.095
41334,884.891
41337,863.5
41338,888.099
41339,902.903
41340,877.337
41341,864.699
41344,869.15
41345,839.836
41346,834.049
41347,842.036
41348,853.906
41351,852.117
41352,842.685
41353,866.267
41354,882.734
41355,882.001
41358,881.756
41359,876.361
41360,882.752
41361,867.511
41362,866.455
41365,877.001
41366,845.163
41367,835.138
41372,853.484
41373,861.991
41374,850.533
41375,847.782
41376,846.612
41379,836.342
41380,846.054
41381,867.511
41382,873.481
41383,892.21
41386,916.021
41387,893.79
41388,923.406
41389,903.634
41390,889.381
41396,913.651
41397,939.21
41400,958.022
41401,957.44
41402,980.083
41403,992.161
41404,988.3
41407,995.109
41408,976.333
41409,1012.66
41410,1009.53
41411,1023.4
41414,1051.65
41415,1073.58
41416,1039.81
41417,1042.9
41418,1073.78
41421,1089.72
41422,1059
41423,1065.96
41424,1073.87
41425,1073.02
41428,1052.14
41429,1022.46
41430,1032.76
41431,1022.13
41432,1030.14
41438,1029.28
41439,1068.15
41442,1073.69
41443,1072.93
41444,1067.63
41445,1029.53
41446,1025.5
41449,971.454
41450,984.746
41451,1038.98
41452,1022.5
41453,1011.66
41456,1055.84
41457,1083.25
41458,1104.58
41459,1087.9
41460,1057.27
41463,1030.6
41464,1050.72
41465,1068.86
41466,1080.78
41467,1096.3
41470,1139.57
41471,1143.2
41472,1129.48
41473,1127.97
41474,1116.01
41477,1153.77
41478,1178.59
41479,1203.31
41480,1150.39
41481,1158.35
41484,1136.98
41485,1124.1
41486,1134.02
41487,1190.11
41488,1188.85
41491,1202.83
41492,1211.69
41493,1175.7
41494,1185.96
41495,1172.52
41498,1161.87
41499,1172.33
41500,1180.66
41501,1167.09
41502,1132.09
41505,1171.4
41506,1175.78
41507,1181.34
41508,1197.13
41509,1219.83
41512,1238.17
41513,1250.75
41514,1228
41515,1226.3
41516,1185.15
41519,1210.19
41520,1234.59
41521,1236.35
41522,1267.26
41523,1282.75
41526,1275.91
41527,1263.59
41528,1220.71
41529,1220.63
41530,1253.45
41533,1278.8
41534,1269.36
41535,1289.64
41540,1326.09
41541,1328.4
41542,1323.04
41543,1306.34
41544,1323.76
41547,1367.91
41555,1387.66
41556,1415.83
41557,1378.15
41558,1379.9
41561,1393.6
41562,1389.75
41563,1335.1
41564,1322.99
41565,1349.94
41568,1400.97
41569,1350.47
41570,1311.23
41571,1295.93
41572,1269.17
41575,1279.05
41576,1261.68
41577,1273.29
41578,1235.56
41579,1221.96
41582,1222.46
41583,1260.03
41584,1241.79
41585,1224.05
41586,1211.11
41589,1212.69
41590,1228.35
41591,1212.08
41592,1249.67
41593,1269.05
41596,1291.15
41597,1298.17
41598,1299.26
41599,1298.95
41600,1295.07
41603,1293.8
41604,1291.85
41605,1329.48
41606,1336.66
41607,1366.83
41610,1253.93
41611,1255.33
41612,1240.29
41613,1202.07
41614,1206.78
41617,1241.72
41618,1231.92
41619,1244.51
41620,1279.32
41621,1278.14
41624,1279.96
41625,1267.67
41626,1256
41627,1256.08
41628,1253.71
41631,1242.81
41632,1258.82
41633,1288.34
41634,1269.54
41635,1294.3
41638,1307.99
41639,1304.44
41641,1333
41642,1352.84
41645,1323.33
41646,1352.28
41647,1405.02
41648,1380.24
41649,1353.3
41652,1362.79
41653,1400.92
41654,1415.32
41655,1395.16
41656,1395.51
41659,1372.74
41660,1407.15
41661,1431.74
41662,1461.53
41663,1484.43
41666,1477.67
41667,1471.34
41668,1496.53
41669,1495.98
41677,1532.69
41680,1553.42
41681,1527.15
41682,1539.97
41683,1485.13
41684,1515.78
41687,1558.62
41688,1545.34
41689,1544.4
41690,1515.16
41691,1519.67
41694,1540.03
41695,1472.69
41696,1465.99
41697,1414.66
41698,1434.89
41701,1465.14
41702,1460.45
41703,1464.58
41704,1462.53
41705,1460.61
41708,1407.07
41709,1395.81
41710,1399.27
41711,1436.86
41712,1434.02
41715,1477.42
41716,1485.64
41717,1466.22
41718,1417.66
41719,1419.84
41722,1397.29
41723,1394.82
41724,1417.61
41725,1367.96
41726,1330.5
41729,1327.8
41730,1355.05
41731,1327.98
41732,1326.18
41733,1346.74
41737,1351.18
41738,1370.46
41739,1381.14
41740,1363.9
41743,1372.73
41744,1369.89
41745,1359.3
41746,1367.59
41747,1377.42
41750,1363.85
41751,1336.19
41752,1326.44
41753,1319.51
41754,1291.9
41757,1257.26
41758,1266.54
41759,1283.21
41764,1302.15
41765,1316.86
41766,1290.03
41767,1279.84
41768,1258.58
41771,1278.28
41772,1276.24
41773,1278.66
41774,1253.88
41775,1226.47
41778,1228.37
41779,1244.65
41780,1257.8
41781,1269.51
41782,1296
41785,1320.76
41786,1306.28
41787,1338.97
41788,1314.21
41789,1318.13
41793,1319.63
41794,1321.72
41795,1355.48
41796,1350.45
41799,1326.68
41800,1353.87
41801,1367.39
41802,1363.74
41803,1382.73
41806,1395.61
41807,1377.43
41808,1363.99
41809,1320.66
41810,1333.98
41813,1361.28
41814,1369.44
41815,1358.71
41816,1386.27
41817,1388.82
41820,1404.71
41821,1411.74
41822,1419.94
41823,1422.6
41824,1411.64
41827,1393.89
41828,1410.73
41829,1384.58
41830,1363.88
41831,1359.34
41834,1367.07
41835,1341.27
41836,1318.62
41837,1312.81
41838,1305.92
41841,1306.97
41842,1329.35
41843,1293.09
41844,1271.88
41845,1285.77
41848,1314.53
41849,1331.76
41850,1342.74
41851,1344.54
41852,1325.94
41855,1329.82
41856,1360.69
41857,1365.74
41858,1362.03
41859,1377.45
41862,1397.78
41863,1396.44
41864,1384.31
41865,1380.3
41866,1392.45
41869,1428.74
41870,1436.4
41871,1427.4
41872,1447.88
41873,1461.72
41876,1443.81
41877,1411.15
41878,1420.54
41879,1403.8
41880,1424.47
41883,1452.84
41884,1465.03
41885,1477.67
41886,1495.51
41887,1489.84
41891,1494.02
41892,1504.91
41893,1513.01
41894,1524.12
41897,1526.14
41898,1473.13
41899,1479.12
41900,1490.79
41901,1499.12
41904,1483.35
41905,1500.99
41906,1517.42
41907,1508.42
41908,1511.36
41911,1526.18
41912,1540.87
41920,1557.57
41921,1561.17
41922,1554.22
41925,1548.33
41926,1539.12
41927,1545.62
41928,1526.56
41929,1511.05
41932,1532.38
41933,1517.48
41934,1504.55
41935,1477.84
41936,1477.59
41939,1492.01
41940,1522.05
41941,1530.08
41942,1525.77
41943,1513.27
41946,1529.89
41947,1516.4
41948,1512.49
41949,1532.52
41950,1522.63
41953,1514.82
41954,1461.51
41955,1475.75
41956,1442.86
41957,1441.21
41960,1471.69
41961,1481.86
41962,1505.55
41963,1494.59
41964,1504.83
41967,1507.81
41968,1541.92
41969,1554.22
41970,1563.41
41971,1570.85
41974,1552.31
41975,1565.42
41976,1604.45
41977,1621.85
41978,1581.91
41981,1567.16
41982,1504.62
41983,1572.69
41984,1587.67
41985,1623.57
41988,1657.5
41989,1649.58
41990,1644.21
41991,1634.05
41992,1596.81
41995,1517.93
41996,1496.53
41997,1519.8
41998,1529.47
41999,1536.08
42002,1499.4
42003,1460.11
42004,1471.76
42009,1464.77
42010,1539.83
42011,1523.39
42012,1541.89
42013,1553.24
42016,1586.12
42017,1601.17
42018,1588.01
42019,1586.34
42020,1639.56
42023,1630.07
42024,1700.85
42025,1722.58
42026,1744.04
42027,1697.29
42030,1739.79
42031,1743.68
42032,1731.41
42033,1711.37
42034,1680.58
42037,1696.83
42038,1750.91
42039,1757.74
42040,1774.31
42041,1730.97
42044,1708.85
42045,1747.68
42046,1772.85
42047,1788.81
42048,1825.49
42051,1896.63
42052,1894.31
42060,1876.75
42061,1880.39
42062,1928.04
42065,1986.99
42066,1961.74
42067,2009.83
42068,2014.79
42069,1951.4
42072,1994.39
42073,2045.32
42074,2035.83
42075,2018.13
42076,2069.07
42079,2142.67
42080,2137.46
42081,2182.92
42082,2183.88
42083,2213.77
42086,2293.65
42087,2357.97
42088,2385.01
42089,2291.79
42090,2323.82
42093,2290.48
42094,2335.17
42095,2404.91
42096,2475.33
42097,2510.16
42101,2556.7
42102,2488.16
42103,2496.49
42104,2552.83
42107,2577.78
42108,2558.85
42109,2441.74
42110,2484.33
42111,2463.99
42114,2424.85
42115,2566.09
42116,2634.93
42117,2706.19
42118,2734.75
42121,2747.5
42122,2687.97
42123,2797.52
42124,2857.89
42128,2845.25
42129,2783.44
42130,2846.56
42131,2806.05
42132,2973.6
42135,3146.83
42136,3250.3
42137,3192.15
42138,3141.59
42139,3145.34
42142,3278.48
42143,3322.77
42144,3406.28
42145,3527.41
42146,3516.63
42149,3467.92
42150,3618.23
42151,3628.67
42152,3432.98
42153,3542.84
42156,3718.75
42157,3901.54
42158,3982.25
42159,3943.47
42160,3885.83
42163,3704.55
42164,3705.54
42165,3834.7
42166,3862.14
42167,3899.71
42170,3696.03
42171,3590.67
42172,3741.36
42173,3504.55
42174,3314.98
42178,3393.94
42179,3383.4
42180,3206.38
42181,2920.7
42184,2689.76
42185,2858.61
42186,2759.41
42187,2649.32
42188,2605.28
42191,2493.83
42192,2352.01
42193,2364.05
42194,2435.76
42195,2535.89
42198,2683.07
42199,2726.05
42200,2590.03
42201,2627.08
42202,2783.32
42205,2848.3
42206,2882.9
42207,2897.37
42208,2967.95
42209,2897.82
42212,2683.45
42213,2581.96
42214,2693.87
42215,2561.19
42216,2539.84
42219,2399.27
42220,2546.16
42221,2502.04
42222,2480.93
42223,2576.99
42226,2706.72
42227,2698.91
42228,2622.19
42229,2684.26
42230,2674.02
42233,2666.29
42234,2504.17
42235,2570.69
42236,2508.82
42237,2341.95
42240,2152.61
42241,1990.71
42242,1890.04
42243,1959.49
42244,2082.12
42247,1996.87
42248,1889.49
42249,1855.03
42254,1893.52
42255,2001.16
42256,2071.72
42257,2039.12
42258,2060.51
42261,1906.21
42262,1797.56
42263,1926.25
42264,1933.3
42265,1983.3
42268,2079.06
42269,2078.72
42270,2077.99
42271,2106.59
42272,2020.97
42275,2122.26
42276,2098.57
42277,2082.67
42285,2190.31
42286,2216.66
42289,2316.78
42290,2342.04
42291,2305
42292,2404.53
42293,2449.03
42296,2433.6
42297,2511.16
42298,2344.74
42299,2458.14
42300,2538.38
42303,2527.48
42304,2563.96
42305,2485.24
42306,2485.28
42307,2478.28
42310,2432.04
42311,2429.27
42312,2584.32
42313,2564.72
42314,2661.41
42317,2724.62
42318,2746.61
42319,2804.68
42320,2783.3
42321,2710.16
42324,2797.16
42325,2717.05
42326,2661.17
42327,2770.75
42328,2800.15
42331,2770.58
42332,2816.05
42333,2897.57
42334,2833.2
42335,2649.55
42338,2672.58
42339,2655.35
42340,2613.26
42341,2708.12
42342,2692.16
42345,2738.15
42346,2691.66
42347,2667.91
42348,2695.51
42349,2671.29
42352,2709.27
42353,2745.7
42354,2763.11
42355,2835.7
42356,2830.26
42359,2829.92
42360,2839.85
42361,2783.94
42362,2795.78
42363,2794.73
42366,2735.49
42367,2749.82
42368,2779.51
42369,2714.05
42373,2491.24
42374,2416.73
42375,2468.37
42376,2256.52
42377,2248.99
42380,2106.36
42381,2147.53
42382,2059.78
42383,2175.01
42384,2112.9
42387,2174.93
42388,2241.7
42389,2204.65
42390,2112.4
42391,2149.59
42394,2158.82
42395,1994.05
42396,1997.47
42397,1906.46
42398,1994.07
42401,1992.7
42402,2075.29
42403,2090.51
42404,2126.64
42405,2096.99
42415,2116.84
42416,2201.93
42417,2215.34
42418,2190.91
42419,2211.01
42422,2245.56
42423,2218.12
42424,2203.74
42425,2037.14
42426,2014.92
42429,1880.15
42430,1934.92
42431,2017.6
42432,2007.08
42433,1907.04
42436,1953.33
42437,2002.19
42438,1970.81
42439,1936.97
42440,1934.87
42443,2023.13
42444,1996.92
42445,1977.54
42446,2087.29
42447,2177.87
42450,2227.03
42451,2221.7
42452,2259.11
42453,2219.77
42454,2216.09
42457,2199.69
42458,2152.55
42459,2248.78
42460,2238.29
42461,2205.37
42465,2279.52
42466,2297.04
42467,2248.68
42468,2229.93
42471,2283.14
42472,2264.02
42473,2294.02
42474,2324.39
42475,2309.68
42478,2265.59
42479,2272.52
42480,2145.24
42481,2110.16
42482,2136.92
42485,2126.83
42486,2155.7
42487,2146.61
42488,2155.23
42489,2138.74
42493,2217.23
42494,2211.02
42495,2224.1
42496,2129.19
42499,2053.6
42500,2054.22
42501,2034.93
42502,2034.57
42503,2025.22
42506,2057.86
42507,2081.44
42508,2020.48
42509,2037.4
42510,2065.3
42513,2098.23
42514,2075.51
42515,2067.25
42516,2086.01
42517,2069.89
42520,2058.52
42521,2159.8
42522,2168.82
42523,2188.56
42524,2204.97
42527,2199.3
42528,2196.73
42529,2186.55
42534,2054.71
42535,2058.31
42536,2128.8
42537,2101.42
42538,2122.89
42541,2119.63
42542,2092
42543,2144.82
42544,2137.49
42545,2127.37
42548,2191.81
42549,2216.71
42550,2209.79
42551,2227.79
42552,2211.18
42555,2248.71
42556,2246.03
42557,2241.56
42558,2233.92
42559,2239
42562,2218.59
42563,2247.36
42564,2285.37
42565,2293.08
42566,2263.78
42569,2249.87
42570,2273.72
42571,2268.54
42572,2265.13
42573,2250
42576,2245.89
42577,2279.55
42578,2155.39
42579,2139.74
42580,2122.41
42583,2099.18
42584,2113.21
42585,2108.31
42586,2129.65
42587,2109.06
42590,2130.59
42591,2154.51
42592,2137
42593,2103.4
42594,2123.84
42597,2193.21
42598,2201.1
42599,2208.2
42600,2201.59
42601,2204.56
42604,2167.4
42605,2174.16
42606,2192.17
42607,2180.66
42608,2189.75
42611,2193.2
42612,2195.53
42613,2191.76
42614,2181.33
42615,2170.86
42618,2182.69
42619,2222.84
42620,2212.05
42621,2223.47
42622,2202.97
42625,2145.56
42626,2145.87
42627,2144.56
42632,2165.21
42633,2158.43
42634,2162.13
42635,2168.42
42636,2156.51
42639,2122.9
42640,2140.8
42641,2139.63
42642,2146.18
42643,2149.9
42653,2208.47
42654,2210.86
42655,2209.69
42656,2208.57
42657,2194.23
42660,2167.86
42661,2198.14
42662,2184.91
42663,2193.26
42664,2181
42667,2200.8
42668,2200.21
42669,2184.49
42670,2182.48
42671,2165.43
42674,2159.76
42675,2176.45
42676,2146.4
42677,2153.18
42678,2145.23
42681,2130.3
42682,2150.3
42683,2123.84
42684,2143.32
42685,2147.11
42688,2161.69
42689,2179.3
42690,2182.47
42691,2163.04
42692,2157.96
42695,2152.6
42696,2177.65
42697,2165.71
42698,2146.63
42699,2167.53
42702,2166.05
42703,2160.35
42704,2183.05
42705,2181.93
42706,2143.45
42709,2143.88
42710,2122.26
42711,2134.99
42712,2114.71
42713,2099.89
42716,1984.39
42717,1985.04
42718,1963.08
42719,1975.85
42720,1998.11
42723,1980.41
42724,1982.3
42725,1991.7
42726,1986.27
42727,1964.54
42730,1974.01
42731,1968.62
42732,1957.15
42733,1959.24
42734,1962.06
42738,1963.26
42739,1991.57
42740,1983.97
42741,1965.03
42744,1961.62
42745,1951.68
42746,1937.55
42747,1930.14
42748,1899.94
42751,1830.85
42752,1867.87
42753,1845.79
42754,1844.14
42755,1880.75
42758,1887.32
42759,1861.22
42760,1870.7
42761,1886.23
42769,1876.76
42772,1900.45
42773,1889.13
42774,1903.63
42775,1914.08
42776,1904.68
42779,1913.68
42780,1909.4
42781,1892.36
42782,1897.63
42783,1882.87
42786,1894.96
42787,1921.08
42788,1919.97
42789,1925.95
42790,1938.44
42793,1926.77
42794,1927.16
42795,1931.97
42796,1920.4
42797,1928.29
42800,1962.77
42801,1977.85
42802,1964.63
42803,1953.94
42804,1950.01
42807,1970.88
42808,1958.02
42809,1957.82
42810,1966.73
42811,1949.66
42814,1953.82
42815,1961.06
42816,1948.58
42817,1948.37
42818,1965.14
42821,1947.53
42822,1944.36
42823,1929.2
42824,1893.7
42825,1907.34
42830,1943.16
42831,1944.23
42832,1946.05
42835,1912.45
42836,1917.63
42837,1897.51
42838,1910.48
42839,1887.46
42842,1868.28
42843,1848.2
42844,1845.38
42845,1850.39
42846,1839.01
42849,1809.91
42850,1818.87
42851,1820.48
42852,1842.92
42853,1850.73
42857,1850.85
42858,1840.45
42859,1838.1
42860,1818.19
42863,1788.71
42864,1802.49
42865,1771.32
42866,1772.41
42867,1774.63
42870,1778.64
42871,1814.94
42872,1822.64
42873,1813.51
42874,1801.08
42877,1788.08
42878,1758.23
42879,1776.28
42880,1777.69
42881,1759.63
42886,1763.73
42887,1728.49
42888,1745.93
42891,1761.25
42892,1766.39
42893,1799.85
42894,1794.75
42895,1796.13
42898,1775.55
42899,1795.63
42900,1790.64
42901,1816.26
42902,1810.05
42905,1816.4
42906,1820.98
42907,1824.69
42908,1798.38
42909,1807.43
42912,1821.28
42913,1819.93
42914,1808.2
42915,1813.55
42916,1818.07
42919,1835.99
42920,1829.51
42921,1836.63
42922,1839
42923,1835.44
42926,1803.25
42927,1783.91
42928,1786.75
42929,1778.86
42930,1745.57
42933,1656.43
42934,1667.49
42935,1684.77
42936,1688.61
42937,1690.15
42940,1686.44
42941,1688.09
42942,1681.31
42943,1742.19
42944,1734.07
42947,1736.3
42948,1741.07
42949,1724.83
42950,1733.12
42951,1719.62
42954,1732.43
42955,1762.42
42956,1763.05
42957,1753.67
42958,1742.14
42961,1793.48
42962,1798.57
42963,1825.19
42964,1833.4
42965,1821.8
42968,1829.22
42969,1814.92
42970,1807.37
42971,1795.74
42972,1812.88
42975,1842.83
42976,1831.59
42977,1838.63
42978,1849.38
42979,1865.25
42982,1883.62
42983,1885.16
42984,1902.86
42985,1890.38
42986,1885.27
42989,1896.38
42990,1884.48
42991,1888.43
42992,1879.25
42993,1875.63
42996,1894.8
42997,1880.3
42998,1892.67
42999,1872.77
43000,1866.42
43003,1843.62
43004,1839.46
43005,1854.94
43006,1854.73
43007,1866.98
43017,1889.84
43018,1917.46
43019,1901.55
43020,1899.99
43021,1926.07
43024,1882.69
43025,1876.99
43026,1868.16
43027,1862.61
43028,1880.21
43031,1898.76
43032,1901.69
43033,1913.26
43034,1910.72
43035,1896.22
43038,1855.99
43039,1869.79
43040,1872.75
43041,1847.57
43042,1832.97
43045,1850.3
43046,1859.07
43047,1866.14
43048,1884.11
43049,1900.63
43052,1906.44
43053,1896.72
43054,1868.08
43055,1878.26
43056,1833.9
43059,1859.75
43060,1856.96
43061,1853.38
43062,1794.78
43063,1782.66
43066,1760.9
43067,1793.87
43068,1787.38
43069,1770.3
43070,1804.62
43073,1797.77
43074,1758.59
43075,1784.31
43076,1776.99
43077,1792.16
43080,1816.98
43081,1798.69
43082,1806.09
43083,1794.34
43084,1783.97
43087,1780.64
43088,1798.5
43089,1782.41
43090,1789.74
43091,1779.34
43094,1755.81
43095,1758.82
43096,1745.24
43097,1745.02
43098,1752.65
43102,1769.67
43103,1795.38
43104,1794.61
43105,1801.42
43108,1806.16
43109,1803.59
43110,1791.08
43111,1804.23
43112,1785.71
43115,1732.62
43116,1729.6
43117,1742.03
43118,1738
43119,1728.14
43122,1768.21
43123,1767.83
43124,1813.28
43125,1810.83
43126,1816.8
43129,1799.77
43130,1782.4
43131,1735.06
43132,1697.39
43133,1702.43
43136,1688.27
43137,1598.12
43138,1616.4
43139,1641.43
43140,1592.51
43143,1648.07
43144,1648.58
43145,1646.77
43153,1677.76
43154,1668.83
43157,1729.15
43158,1743.54
43159,1753.63
43160,1789.85
43161,1772.01
43164,1795.69
43165,1797.61
43166,1785.27
43167,1793.22
43168,1856.46
43171,1882.41
43172,1872.68
43173,1841.29
43174,1848.71
43175,1821.32
43178,1842.92
43179,1864.62
43180,1829.91
43181,1817.23
43182,1726.02
43185,1780.61
43186,1844.69
43187,1835.15
43188,1842.19
43189,1900.48
43192,1900.25
43193,1872.47
43194,1836.81
43199,1841.65
43200,1835.52
43201,1834.63
43202,1826.89
43203,1824.59
43206,1838.71
43207,1783.74
43208,1822.26
43209,1820.28
43210,1782.81
43213,1753.05
43214,1806.86
43215,1819.41
43216,1781.28
43217,1805.6
43222,1801.57
43223,1826.79
43224,1814.85
43227,1852.34
43228,1856.87
43229,1855.81
43230,1865.36
43231,1834.78
43234,1830.98
43235,1858.01
43236,1846.67
43237,1831.2
43238,1836.75
43241,1862.48
43242,1876
43243,1845.97
43244,1838.4
43245,1804.55
43248,1796.91
43249,1773.65
43250,1726.22
43251,1743.74
43252,1709.55
43255,1702.93
43256,1746.11
43257,1743.25
43258,1730.38
43259,1711.52
43262,1688.62
43263,1712.77
43264,1685.89
43265,1673.32
43266,1641.66
43270,1547.15
43271,1563.79
43272,1521.68
43273,1549.66
43276,1538.57
43277,1564.92
43278,1546.23
43279,1543.66
43280,1606.71
43283,1588.37
43284,1607.12
43285,1565.61
43286,1532.68
43287,1541.31
43290,1581.93
43291,1592.98
43292,1563.01
43293,1614.63
43294,1618.46
43297,1616.91
43298,1621.63
43299,1607.88
43300,1590.06
43301,1609.55
43304,1620.97
43305,1629.61
43306,1632.32
43307,1606.12
43308,1594.57
43311,1559.64
43312,1561.26
43313,1541.86
43314,1510.09
43315,1481.61
43318,1440.8
43319,1479.44
43320,1447.76
43321,1497.61
43322,1511.71
43325,1531.34
43326,1518.49
43327,1478.51
43328,1463.87
43329,1434.31
43332,1435.69
43333,1456.97
43334,1439.55
43335,1455.5
43336,1450.09
43339,1493.43
43340,1493.11
43341,1481.19
43342,1457.92
43343,1435.2
43346,1443.69
43347,1455.5
43348,1430.24
43349,1422.87
43350,1425.23
43353,1390.82
43354,1395.17
43355,1385.8
43356,1391.28
43357,1366.57
43360,1349.78
43361,1377.3
43362,1392.4
43363,1387.62
43364,1411.12
43368,1405.81
43369,1420.75
43370,1400.36
43371,1411.34
43381,1353.67
43382,1345.95
43383,1346.7
43384,1261.88
43385,1268.41
43388,1250.22
43389,1216.69
43390,1231.86
43391,1205.03
43392,1249.89
43395,1314.94
43396,1292.06
43397,1284.1
43398,1273.6
43399,1263.19
43402,1250.48
43403,1259.95
43404,1275.57
43405,1286.33
43406,1348.28
43409,1348.88
43410,1349.11
43411,1345.77
43412,1329.59
43413,1322.83
43416,1368.79
43417,1392.05
43418,1385.73
43419,1405.25
43420,1403.28
43423,1394.4
43424,1355.33
43425,1363.03
43426,1353.92
43427,1308.74
43430,1304.56
43431,1315.43
43432,1341.08
43433,1312.72
43434,1329.39
43437,1372.79
43438,1378.75
43439,1381.77
43440,1345.76
43441,1341.02
43444,1326.85
43445,1338.08
43446,1338.73
43447,1348.5
43448,1310.46
43451,1299.17
43452,1293.34
43453,1268.81
43454,1278.16
43455,1270.3
43458,1284.33
43459,1273.45
43460,1264.07
43461,1248.08
43462,1250.53
43467,1228.77
43468,1214.5
43469,1245.16
43472,1268.06
43473,1263.51
43474,1262.52
43475,1258.99
43476,1261.56
43479,1246
43480,1266.27
43481,1267.3
43482,1251.41
43483,1269.5
43486,1274.79
43487,1252.24
43488,1251.13
43489,1265.16
43490,1265.49
43493,1259.74
43494,1243.59
43495,1230.82
43496,1227.99
43497,1271.27
43507,1316.1
43508,1332.27
43509,1357.67
43510,1361.94
43511,1357.84
43514,1413.6
43515,1406.04
43516,1408.38
43517,1412.54
43518,1456.3
43521,1536.37
43522,1546.99
43523,1520.42
43524,1535.68
43525,1567.87
43528,1619.71
43529,1676.57
43530,1700.5
43531,1692.42
43532,1654.49
43535,1727.8
43536,1773.43
43537,1693.86
43538,1650.19
43539,1662.62
43542,1707.06
43543,1708.87
43544,1687.9
43545,1703.85
43546,1693.87
43549,1668.84
43550,1630.19
43551,1637.77
43552,1626.82
43553,1693.55
43556,1760.89
43557,1754.16
43558,1768.18
43559,1777.26
43563,1739.66
43564,1741.17
43565,1726.64
43566,1691.1
43567,1695.73
43570,1666.9
43571,1697.53
43572,1717.44
43573,1704.55
43574,1715.8
43577,1697.51
43578,1683.8
43579,1718.85
43580,1669.98
43581,1657.82
43584,1615.62
43585,1623.78
43591,1494.89
43592,1504.16
43593,1481.87
43594,1469.48
43595,1533.87
43598,1503.06
43599,1494.6
43600,1528.69
43601,1533.67
43602,1478.75
43605,1469.31
43606,1493.72
43607,1488.63
43608,1451.24
43609,1443.75
43612,1491.95
43613,1505.16
43614,1497.89
43615,1485.24
43616,1483.66
43619,1468.98
43620,1456.27
43621,1451.18
43622,1416.06
43626,1431.34
43627,1487.35
43628,1473.9
43629,1479.83
43630,1453.96
43633,1442.35
43634,1455.75
43635,1469.99
43636,1498.01
43637,1523.81
43640,1514.46
43641,1498.47
43642,1504.55
43643,1525.24
43644,1511.51
43647,1568.16
43648,1570.51
43649,1544.36
43650,1532.74
43651,1547.74
43654,1506.66
43655,1517.79
43656,1510.43
43657,1514.2
43658,1518.07
43661,1547.47
43662,1545.27
43663,1550.22
43664,1524.48
43665,1541.98
43668,1515.97
43669,1534.93
43670,1553.72
43671,1566.08
43672,1561.86
43675,1566.52
43676,1580.13
43677,1570.39
43678,1573.87
43679,1556.74
43682,1531.37
43683,1507.91
43684,1500.25
43685,1522.97
43686,1507.71
43689,1539.91
43690,1524.36
43691,1536.66
43692,1555.77
43693,1567.99
43696,1622.84
43697,1611.59
43698,1609.83
43699,1613.46
43700,1615.56
43703,1600.8
43704,1628.12
43705,1625.19
43706,1620.86
43707,1610.9
43710,1652.29
43711,1660.43
43712,1669.41
43713,1689.05
43714,1692.24
43717,1733.23
43718,1725.31
43719,1703.54
43720,1710.57
43724,1714.37
43725,1677.99
43726,1679.31
43727,1705.6
43728,1705.05
43731,1684.32
43732,1694.6
43733,1672.65
43734,1623.79
43735,1647.53
43738,1627.55
43746,1616.58
43747,1622.42
43748,1666.97
43749,1666.83
43752,1679.38
43753,1660.89
43754,1656.37
43755,1658.26
43756,1648.63
43759,1644.51
43760,1666.87
43761,1650.29
43762,1653.86
43763,1675.34
43766,1704.42
43767,1686.58
43768,1684.08
43769,1671.31
43770,1687
43773,1699.92
43774,1713.29
43775,1703.02
43776,1715.58
43777,1711.22
43780,1673.13
43781,1671.44
43782,1681.79
43783,1692.58
43784,1674.78
43787,1682.49
43788,1729.08
43789,1719.66
43790,1713.2
43791,1679.8
43794,1661.77
43795,1679.08
43796,1674.39
43797,1673.79
43798,1664.9
43801,1669.54
43802,1675.39
43803,1673.78
43804,1709.83
43805,1726.8
43808,1721.07
43809,1734.02
43810,1718.26
43811,1720.99
43812,1755.41
43815,1780.33
43816,1801.62
43817,1792.42
43818,1790.44
43819,1771.71
43822,1736.62
43823,1769.87
43824,1784.39
43825,1793.64
43826,1767.58
43829,1790.24
43830,1798.12
43832,1832.74
43833,1836.01
43836,1859.92
43837,1893.21
43838,1862.7
43839,1913.14
43840,1904.19
43843,1935.07
43844,1922.56
43845,1924.24
43846,1929.96
43847,1932.51
43850,1982.18
43851,1967.03
43852,1993.9
43853,1927.74
43864,1795.77
43865,1882.69
43866,1939.62
43867,2012.25
43868,2015.8
43871,2042.18
43872,2028.44
43873,2085.28
43874,2064.6
43875,2069.22
43878,2146.18
43879,2170.95
43880,2139.44
43881,2186.74
43882,2226.64
43885,2263.97
43886,2287.31
43887,2180.7
43888,2196.71
43889,2071.57
43892,2135.42
43893,2173.35
43894,2169.44
43895,2209.59
43896,2192.94
43899,2093.06
43900,2148.81
43901,2101.46
43902,2045.93
43903,2030.58
43906,1910.77
43907,1917.7
43908,1887.04
43909,1894.94
43910,1915.05
43913,1827.05
43914,1876.91
43915,1937.85
43916,1927.28
43917,1903.88
43920,1860.48
43921,1871.92
43922,1864.8
43923,1916.95
43924,1906.67
43928,1969.78
43929,1964.76
43930,1997.14
43931,1949.88
43934,1923.08
43935,1985.43
43936,1977.51
43937,2008.39
43938,2020.77
43941,2043.44
43942,2023.94
43943,2043.17
43944,2029.52
43945,2003.75
43948,2018.67
43949,2030.72
43950,2030.48
43951,2069.43
43957,2110.27
43958,2106.84
43959,2125.24
43962,2102.83
43963,2124.15
43964,2140.68
43965,2117.65
43966,2124.31
43969,2114.86
43970,2144.12
43971,2118.12
43972,2099.43
43973,2046.6
43976,2052.3
43977,2112.97
43978,2071.47
43979,2054.96
43980,2086.67
43983,2158.22
43984,2145.29
43985,2143.12
43986,2151.38
43987,2166.38
43990,2153.56
43991,2181.59
43992,2201.99
43993,2195.64
43994,2206.76
43997,2219.55
43998,2260.46
43999,2263.96
44000,2266.03
44001,2319.45
44004,2342.88
44005,2382.05
44006,2382.47
44011,2372.54
44012,2438.2
44013,2419.63
44014,2424.39
44015,2462.56
44018,2529.49
44019,2591.26
44020,2651.97
44021,2757.65
44022,2778.46
44025,2889.43
44026,2858.67
44027,2813.06
44028,2646.26
44029,2662.4
44032,2697.3
44033,2736.51
44034,2769.03
44035,2799.67
44036,2627.84
44039,2631.76
44040,2666.52
44041,2767.4
44042,2743.63
44043,2795.4
44046,2868.88
44047,2832.84
44048,2860.24
44049,2814.37
44050,2749.95
44053,2735.26
44054,2688.7
44055,2635.5
44056,2622.64
44057,2668.71
44060,2696.39
44061,2701.06
44062,2612.84
44063,2587.86
44064,2632.45
44067,2684.63
44068,2701.6
44069,2644.15
44070,2689.17
44071,2757.84
44074,2728.31
44075,2750.42
44076,2771.85
44077,2746.95
44078,2732.15
44081,2641.2
44082,2650.63
44083,2523.4
44084,2483.03
44085,2536.62
44088,2572.6
44089,2595.15
44090,2554.8
44091,2557.32
44092,2596.08
44095,2569.22
44096,2555.54
44097,2599.88
44098,2535.87
44099,2540.43
44102,2521.25
44103,2563.38
44104,2574.76
44113,2672.93
44116,2777.39
44117,2784.72
44118,2764.24
44119,2737.96
44120,2724.5
44123,2689.67
44124,2740.58
44125,2700.53
44126,2673.59
44127,2600.84
44130,2617.74
44131,2650.76
44132,2670.48
44133,2699.92
44134,2655.86
44137,2708.39
44138,2744.31
44139,2750.55
44140,2787.88
44141,2733.07
44144,2814
44145,2773.22
44146,2681.52
44147,2700.51
44148,2706.81
44151,2712.41
44152,2658.09
44153,2620.67
44154,2645.16
44155,2667.09
44158,2686.36
44159,2674.8
44160,2615.53
44161,2609.39
44162,2618.99
44165,2631.89
44166,2698.44
44167,2682.97
44168,2712.52
44169,2730.84
44172,2726.48
44173,2746.28
44174,2697.83
44175,2718.55
44176,2687.78
44179,2726.6
44180,2758.85
44181,2760.64
44182,2785.62
44183,2780.73
44186,2882.44
44187,2811.75
44188,2842.97
44189,2820.75
44190,2840.8
44193,2842.81
44194,2813
44195,2900.54
44196,2966.26
44200,3078.11
44201,3097.98
44202,3115.09
44203,3162.4
44204,3150.78
44207,3092.86
44208,3180.35
44209,3130.3
44210,3089.18
44211,3089.94
44214,3149.2
44215,3084.49
44216,3204.93
44217,3283.72
44218,3358.24
44221,3355.24
44222,3258.36
44223,3281.03
44224,3161.86
44225,3128.86
44228,3159.99
44229,3228.7
44230,3223.77
44231,3200.55
44232,3193.71
44235,3278.06
44236,3334.24
44237,3413.81
44245,3320.14
44246,3285.53
44249,3138.67
44250,3112.36
44251,3007.46
44252,2977.18
44253,2914.11
44256,2994.75
44257,2966.89
44258,2997.75
44259,2851.87
44260,2871.97
44263,2728.84
44264,2633.45
44265,2676.7
44266,2746.58
44267,2756.81
44270,2644.01
44271,2672.12
44272,2704.14
44273,2748.73
44274,2671.52
44277,2698.26
44278,2668.08
44279,2634.61
44280,2656
44281,2745.4
44284,2733.96
44285,2771.32
44286,2758.5
44287,2815.41
44288,2852.23
44292,2831.6
44293,2807.2
44294,2826.99
44295,2783.33
44298,2719.95
44299,2742.85
44300,2804.41
44301,2790.64
44302,2783.37
44305,2898.73
44306,2896.11
44307,2916.97
44308,2939.39
44309,2994.49
44312,2969.4
44313,2986.03
44314,3050.58
44315,3051.42
44316,3091.4
44322,3014.81
44323,2910.41
44326,2921.72
44327,2921.34
44328,2960.36
44329,2943.62
44330,3033.81
44333,3112.74
44334,3090.12
44335,3114.72
44336,3143.62
44337,3113.26
44340,3139.69
44341,3227.36
44342,3196.85
44343,3226.11
44344,3232.29
44347,3309.07
44348,3300.16
44349,3243.02
44350,3201.78
44351,3242.61
44354,3228.24
44355,3208.57
44356,3207.63
44357,3285.51
44358,3298.5
44362,3262.19
44363,3125.7
44364,3188.59
44365,3239.23
44368,3270.58
44369,3281.99
44370,3318.95
44371,3279.16
44372,3347.7
44375,3412.86
44376,3406.24
44377,3477.18
44378,3455.36
44379,3333.9
44382,3352.12
44383,3291.99
44384,3409.59
44385,3432.96
44386,3409.31
44389,3534.76
44390,3514.98
44391,3488.63
44392,3537.39
44393,3432.65
44396,3449.53
44397,3463.79
44398,3560.05
44399,3544.44
44400,3469.87
44403,3371.23
44404,3232.84
44405,3284.92
44406,3459.72
44407,3440.18
44410,3493.36
44411,3477.23
44412,3563.13
44413,3532.5
44414,3490.9
44417,3456.75
44418,3468.67
44419,3437.06
44420,3386.43
44421,3345.13
44424,3301.39
44425,3224.15
44426,3248.37
44427,3278.36
44428,3192.9
44431,3293.77
44432,3330.58
44433,3348.66
44434,3264.45
44435,3257.07
44438,3271.8
44439,3214.12
44440,3186.85
44441,3138.8
44442,3102.14
44445,3228.09
44446,3251.49
44447,3219.95
44448,3221.94
44449,3232.01
44452,3194.27
44453,3236.55
44454,3200.4
44455,3128.84
44456,3193.26
44461,3164.33
44462,3182.47
44463,3207.82
44466,3231.58
44467,3211.45
44468,3175.15
44469,3244.65
44477,3243.2
44480,3196.19
44481,3138.26
44482,3210.16
44483,3215.74
44484,3276.32
44487,3276.48
44488,3297.29
44489,3285.12
44490,3279.49
44491,3284.91
44494,3338.62
44495,3327.54
44496,3308.96
44497,3278.36
44498,3350.67
44501,3331.91
44502,3339.6
44503,3327.09
44504,3362.25
44505,3352.75
44508,3380.29
44509,3409.94
44510,3399.66
44511,3433.24
44512,3430.14
44515,3401.87
44516,3393.71
44517,3421.33
44518,3383.91
44519,3418.96
44522,3505.73
44523,3492.77
44524,3478.66
44525,3474.45
44526,3468.87
44529,3503.41
44530,3495.59
44531,3473.37
44532,3466.91
44533,3478.67
44536,3405.93
44537,3368.78
44538,3424.7
44539,3459.32
44540,3466.8
44543,3496.96
44544,3495.06
44545,3464.76
44546,3490.45
44547,3434.34
44550,3332.61
44551,3350.43
44552,3368.7
44553,3373.7
44554,3297.11
44557,3293.81
44558,3328.56
44559,3281.9
44560,3322.79
44561,3322.67
44565,3250.16
44566,3161.51
44567,3127.48
44568,3096.88
44571,3095.69
44572,3056.15
44573,3136.69
44574,3083.14
44575,3119.41
44578,3170.41
44579,3144.33
44580,3075.98
44581,3065.99
44582,3034.68
44585,3056.43
44586,2974.96
44587,3004.41
44588,2906.76
44589,2908.94
44599,2917.86
44600,2846.48
44601,2883.6
44602,2826.52
44603,2746.38
44606,2732.01
44607,2816.44
44608,2818.4
44609,2839.83
44610,2826.81
44613,2804.6
44614,2765.91
44615,2843.87
44616,2783.9
44617,2855.8
44620,2881.31
44621,2885.79
44622,2834.64
44623,2791.95
44624,2748.64
44627,2630.37
44628,2582.99
44629,2566.72
44630,2635.19
44631,2665.46
44634,2570.45
44635,2504.78
44636,2635.08
44637,2710.73
44638,2713.79
44641,2726.18
44642,2688.23
44643,2715.95
44644,2706.21
44645,2637.94
44648,2594.13
44649,2592.67
44650,2696.83
44651,2659.49
44652,2666.97
44657,2633.91
44658,2578.53
44659,2569.91
44662,2462.04
44663,2523.69
44664,2466.84
44665,2466.29
44666,2460.36
44669,2487.77
44670,2453.55
44671,2363.65
44672,2312.46
44673,2296.6
44676,2169
44677,2150.51
44678,2269.17
44679,2227.65
44680,2319.14
44686,2288.4
44687,2244.97
44690,2228.07
44691,2276.35
44692,2346.15
44693,2351.27
44694,2358.16
44697,2331.23
44698,2369.09
44699,2365.38
44700,2377.13
44701,2417.35
44704,2410.12
44705,2318.07
44706,2325.6
44707,2321.13
44708,2322.48
44711,2350.38
44712,2405.08
44713,2428.96
44714,2458.26
44718,2554.66
44719,2554.63
44720,2576.34
44721,2500.21
44722,2556.47
44725,2546.49
44726,2548.31
44727,2575.09
44728,2585.47
44729,2657.21
44732,2710.14
44733,2692.98
44734,2677.29
44735,2760.1
44736,2824.44
44739,2830.6
44740,2840.42
44741,2768.61
44742,2810.6
44743,2781.94
44746,2834.69
44747,2825.13
44748,2802.72
44749,2849.71
44750,2817.64
44753,2767.46
44754,2702.69
44755,2746.86
44756,2819.13
44757,2760.5
44760,2800.36
44761,2750.87
44762,2765.16
44763,2751.41
44764,2737.31
44767,2704.95
44768,2713.46
44769,2714.25
44770,2705.9
44771,2670.45
44774,2733.74
44775,2678.62
44776,2628.82
44777,2640.78
44778,2683.6
44781,2675.69
44782,2694.8
44783,2658.58
44784,2721.49
44785,2690.83
44788,2718.59
44789,2731.39
44790,2777.91
44791,2775.82
44792,2734.22
44795,2779.02
44796,2780.31
44797,2679.05
44798,2667.3
44799,2640.29
44802,2630.51
44803,2612.14
44804,2570.41
44805,2533.85
44806,2533.02
44809,2538.2
44810,2540.64
44811,2570.8
44812,2523.01
44813,2548.22
44817,2550.63
44818,2503.82
44819,2424.19
44820,2367.4
44823,2350.38
44824,2366.9
44825,2331.52
44826,2319.42
44827,2303.91
44830,2323.05
44831,2374.74
44832,2313.77
44833,2333
44834,2288.97
44844,2236.24
44845,2261.89
44846,2343.3
44847,2350.69
44848,2434.22
44851,2435.02
44852,2446.93
44853,2425.96
44854,2401.72
44855,2395.16
44858,2336.84
44859,2314.55
44860,2372.88
44861,2337.25
44862,2250.51
44865,2265.08
44866,2337.65
44867,2375.86
44868,2376.06
44869,2451.22
44872,2454.69
44873,2432.4
44874,2399.34
44875,2357.13
44876,2405.32
44879,2375.21
44880,2431.73
44881,2402.91
44882,2385.86
44883,2389.76
44886,2387.3
44887,2343.55
44888,2340.34
44889,2335.52
44890,2309.36
44893,2298.8
44894,2339.79
44895,2345.31
44896,2381.18
44897,2383.32
44900,2377.11
44901,2393.28
44902,2414.04
44903,2411.81
44904,2420.63
44907,2401.52
44908,2376.2
44909,2368.08
44910,2399.12
44911,2373.72
44914,2346.7
44915,2310.8
44916,2303.7
44917,2295.32
44918,2286.19
44921,2331.41
44922,2359.5
44923,2338.26
44924,2349.38
44925,2346.77
44929,2356.42
44930,2335.12
44931,2399.46
44932,2422.14
44935,2440.37
44936,2474.01
44937,2445.97
44938,2458.49
44939,2493.13
44942,2539.52
